INSERT INTO artiste (id_artiste, nom, code_pays, date_naissance, actif, groupe) VALUES
    (1,'Dua Lipa','GB','1995-08-22',true,false),
    (3,'London Grammar','GB','2012-01-01',true,true),
    (4,'Michael Jackson','US','1958-08-29',false,false),
    (5,'Madonna','US','1958-08-16',true,false),
    (6,'Jean-Jacques Goldman','FR','1951-10-11',true,false),
    (2,'Jain','FR','1992-02-07',true,false),
    (7,'Chappell Roan','US',NULL,true,false),
    (8,'The Beatles','GB','1960-01-01',false,true),
    (9,'The Rolling Stones','GB','1962-07-12',true,true),
    (10,'Mylène Farmer','FR','1961-09-12',true,false),
    (11,'Lady Gaga','US','1986-03-28',true,false),
    (12,'The Offspring','US','1984-01-01',true,true),
    (13,'Nelly Furtado','CA','1978-12-02',true,false),
    (14,'Britney Spears','US','1981-12-02',true,false),
    (15,'Christina Aguilera','US','1980-12-18',true,false),
    (16,'Philippe Katerine','FR','1968-12-08',true,false),
    (17,'Stromae','BE','1985-03-12',true,false),
    (18,'Fatboy Slim','GB','1963-07-31',true,false),
    (19,'Angèle','BE','1995-12-03',true,false),
    (20,'Shakira','CO','1977-02-02',true,false),
    (21,'U2','IE','1976-01-01',true,true),
    (22,'Adé','FR','2000-01-01',true,false),
    (23,'Lorie','FR','1982-05-02',true,false),
    (24,'Jennifer Lopez','US','1969-07-24',true,false),
    (25,'Tryo','FR','1995-01-01',true,true),
    (26,'Soprano','FR','1979-01-14',true,false),
    (27,'No Doubt','US','1986-01-01',true,true),
    (28,'Gwen Stefani','US','1969-10-03',true,false),
    (29,'Texas','GB','1986-01-01',true,true),
    (30,'Green Day','US','1987-01-01',true,true),
    (31,'Black Eyed Peas','US','1995-01-01',true,true),
    (32,'Spice Girls','GB','1994-01-01',true,true),
    (33,'2Be3','FR','1991-01-01',true,true),
    (34,'Philippe Risoli','FR','1953-04-06',true,false),
    (35,'ABBA','SE','1972-01-01',true,true),
    (36,'Alanis Morissette','CA','1974-06-01',true,false),
    (37,'L5','FR','2001-01-01',true,true),
    (38,'Avril Lavigne','CA','1984-09-27',true,false),
    (39,'Sia','AU','1975-12-18',true,false),
    (40,'Ava Max','US','1994-02-16',true,false),
    (41,'Clara Luciani','FR','1992-07-10',true,false),
    (42,'Oasis','GB','1991-01-01',true,true),
    (43,'Coldplay','GB','1996-01-01',true,true),
    (44,'Indochine','FR','1981-01-01',true,true),
    (45,'Taylor Swift','US','1989-12-13',true,false),
    (46,'The Weeknd','CA','1990-02-16',true,false),
    (47,'Rosé','KR','1997-02-11',true,false),
    (48,'Céline Dion','CA','1968-03-30',true,false),
    (49,'Le Roi Lion','FR',NULL,true,true),
    (50,'Anaïs Delva','FR','1986-02-26',true,false),
    (57,'Queen','GB','1970-01-01',true,true),
    (58,'Bob Marley','JM','1945-02-06',false,false),
    (59,'Boney M','DE','1976-01-01',true,true),
    (60,'Claude François','FR','1939-02-01',false,false),
    (61,'Daniel Balavoine','FR','1952-02-05',false,false),
    (62,'Dalida','FR','1933-01-17',false,false),
    (63,'AC/DC','AU','1973-01-01',true,true),
    (64,'Annie Cordy','BE','1928-06-16',false,false),
    (65,'Chic','US','1970-01-01',true,true),
    (66,'Dorothée','FR','1953-07-14',false,false),
    (67,'France Gall','FR','1947-10-09',false,false),
    (68,'Joan Jett','US','1958-09-22',true,false),
    (69,'Johnny Hallyday','FR','1943-06-15',false,false),
    (70,'Kool & The Gang','US','1964-01-01',true,true),
    (71,'Lio','BE','1962-06-17',true,false),
    (72,'Pierre Bachelet','FR','1944-05-25',false,false),
    (73,'Pierre Perret','FR','1934-07-09',true,false),
    (74,'Michel Polnareff','FR','1944-07-03',true,false),
    (75,'Les Rita Mitsouko','FR','1979-01-01',true,true),
    (76,'Sheila','FR','1945-08-16',true,false),
    (77,'Téléphone','FR','1976-01-01',false,true),
    (78,'Axelle Red','BE','1968-02-15',true,false),
    (79,'Francky Vincent','FR','1956-07-18',true,false),
    (80,'M','FR','1967-12-12',true,false),
    (81,'Louise Attaque','FR','1994-01-01',true,true),
    (82,'Lou Bega','DE','1975-04-13',true,false),
    (83,'Moby','US','1965-09-11',true,false),
    (84,'Red Hot Chili Peppers','US','1983-01-01',true,true),
    (85,'Robbie Williams','GB','1974-02-13',true,false),
    (86,'Seal','GB','1963-02-19',true,false),
    (87,'Whitney Houston','US','1963-08-09',false,false),
    (88,'Zebda','FR','1985-01-01',true,true),
    (89,'Kylie Minogue','AU','1968-05-28',true,false),
    (90,'Katy Perry','US','1984-10-25',true,false),
    (91,'Alizée','FR','1984-08-21',true,false),
    (92,'David Guetta','FR','1967-11-07',true,false),
    (93,'Dido','GB','1971-12-25',true,false),
    (94,'Emma Daumas','FR','1983-03-23',true,false),
    (95,'Jenifer','FR','1982-11-15',true,false),
    (96,'Kasabian','GB','1997-01-01',true,true),
    (97,'Lenny Kravitz','US','1964-05-26',true,false),
    (98,'Linkin Park','US','1996-01-01',true,true),
    (99,'Pink','US','1979-09-08',true,false),
    (100,'Rihanna','BB','1988-02-20',true,false),
    (101,'Superbus','FR','1999-01-01',true,true),
    (102,'Vanessa Paradis','FR','1972-12-22',true,false),
    (103,'Zero 7','GB','1997-01-01',true,true),
    (105,'Sébastien Patoche','FR','1970-01-01',true,false),
    (106,'Bratisla Boys','FR','2001-01-01',true,true),
    (107,'René la Taupe','FR','2009-01-01',true,false),
    (108,'Patrick Sébastien','FR','1953-11-14',true,false),
    (109,'Avicii','SE','1989-09-08',false,false),
    (110,'PSY','KR','1977-12-31',true,false),
    (111,'Inna Modja','ML','1984-01-01',true,false),
    (112,'Lana Del Rey','US','1985-06-21',true,false),
    (113,'LMFAO','US','2006-01-01',true,true),
    (114,'Maroon 5','US','2001-01-01',true,true),
    (115,'Nicki Minaj','US','1982-12-08',true,false),
    (116,'MisterWives','US','2012-01-01',true,true),
    (117,'Selena Gomez','US','1992-07-22',true,false),
    (118, 'Santa', 'FR','1991-07-24',true,false);


INSERT INTO album (id_album, titre, annee, id_artiste) VALUES
(1, 'Dua Lipa', 2017, 1),
(2, 'Future Nostalgia', 2020, 1),
(3, 'Radical Optimism', 2024, 1),
(4, 'If You Wait', 2013, 3),
(5, 'Truth Is a Beautiful Thing', 2017, 3),
(6, 'Californian Soil', 2021, 3),
(7, 'The Greatest Love', 2024, 3),
(8, 'Thriller', 1982, 4),
(9, 'Bad', 1987, 4),
(10, 'Dangerous', 1991, 4),
(11, 'Invincible', 2001, 4),
(12, 'Like a Virgin', 1984, 5),
(13, 'True Blue', 1986, 5),
(14, 'Music', 2000, 5),
(15, 'American Life', 2003, 5),
(16, 'Confessions on a Dance Floor', 2005, 5),
(17, 'Minoritaire', 1982, 6),
(18, 'Positif', 1984, 6),
(19, 'Non homologué', 1985, 6),
(20, 'Entre gris clair et gris foncé', 1987, 6),
(22, 'The Fool', 2023, 2),
(23, 'The Rise and Fall of a Midwest Princess', 2023, 7),
(24, 'A Hard Day''s Night', 1964, 8),
(25, 'Help!', 1965, 8),
(26, 'Revolver', 1966, 8),
(27, 'Abbey Road', 1969, 8),
(28, 'Let It Be', 1970, 8);

INSERT INTO chanson (id_chanson, id_artiste_principal, titre, duree, id_album, annee) VALUES
(1, 1, 'Genesis', '00:03:25', 1, 2017),
(2, 1, 'Lost in Your Light', '00:03:23', 1, 2017),
(3, 1, 'Hotter than Hell', '00:03:07', 1, 2017),
(4, 1, 'Be the One', '00:03:22', 1, 2017),
(5, 1, 'IDGAF', '00:03:37', 1, 2017),
(6, 1, 'Blow Your Mind', '00:02:58', 1, 2017),
(7, 1, 'Garden', '00:03:47', 1, 2017),
(8, 1, 'No Goodbyes', '00:03:36', 1, 2017),
(9, 1, 'Thinking ''Bout You', '00:02:51', 1, 2017),
(10, 1, 'New Rules', '00:03:29', 1, 2017),
(11, 1, 'Begging', '00:03:14', 1, 2017),
(12, 1, 'Homesick', '00:03:50', 1, 2017),
(13, 1, 'Future Nostalgia', '00:03:04', 2, 2020),
(14, 1, 'Don''t Start Now', '00:03:03', 2, 2020),
(15, 1, 'Cool', '00:03:29', 2, 2020),
(16, 1, 'Physical', '00:03:13', 2, 2020),
(17, 1, 'Levitating', '00:03:23', 2, 2020),
(18, 1, 'Pretty Please', '00:03:14', 2, 2020),
(19, 1, 'Hallucinate', '00:03:28', 2, 2020),
(20, 1, 'Love Again', '00:04:18', 2, 2020),
(21, 1, 'Break My Heart', '00:03:41', 2, 2020),
(22, 1, 'Good in Bed', '00:03:38', 2, 2020),
(23, 1, 'Boys Will Be Boys', '00:02:46', 2, 2020),
(24, 1, 'End of an Era', '00:03:21', 3, 2024),
(25, 1, 'Houdini', '00:03:06', 3, 2024),
(26, 1, 'Training Season', '00:03:29', 3, 2024),
(27, 1, 'These Walls', '00:03:26', 3, 2024),
(28, 1, 'Whatcha Doing', '00:03:12', 3, 2024),
(29, 1, 'French Exit', '00:03:42', 3, 2024),
(30, 1, 'Illusion', '00:03:08', 3, 2024),
(31, 1, 'Falling Forever', '00:03:36', 3, 2024),
(32, 1, 'Anything for Love', '00:03:12', 3, 2024),
(33, 1, 'Maria', '00:03:25', 3, 2024),
(34, 1, 'Happy for You', '00:04:00', 3, 2024);


INSERT INTO chanson (id_chanson, id_artiste_principal, titre, duree, id_album, annee) VALUES
(35, 3, 'Hey Now', '00:03:27', 4, 2013),
(36, 3, 'Stay Awake', '00:03:06', 4, 2013),
(37, 3, 'Shyer', '00:03:10', 4, 2013),
(38, 3, 'Wasting My Young Years', '00:03:24', 4, 2013),
(39, 3, 'Sights', '00:04:13', 4, 2013),
(40, 3, 'Strong', '00:04:35', 4, 2013),
(41, 3, 'Nightcall', '00:03:38', 4, 2013),
(42, 3, 'Metal & Dust', '00:03:28', 4, 2013),
(43, 3, 'Interlude', '00:01:23', 4, 2013),
(44, 3, 'Flickers', '00:04:42', 4, 2013),
(45, 3, 'If You Wait', '00:04:45', 4, 2013),
(46, 3, 'Rooting for You', '00:04:29', 5, 2017),
(47, 3, 'Big Picture', '00:04:41', 5, 2017),
(48, 3, 'Wild Eyed', '00:04:20', 5, 2017),
(49, 3, 'Oh Woman Oh Man', '00:04:30', 5, 2017),
(50, 3, 'Hell to the Liars', '00:05:05', 5, 2017),
(51, 3, 'Everyone Else', '00:03:49', 5, 2017),
(52, 3, 'Non Believer', '00:04:35', 5, 2017),
(53, 3, 'Bones of Ribbon', '00:04:11', 5, 2017),
(54, 3, 'Who Am I', '00:04:31', 5, 2017),
(55, 3, 'Leave the War with Me', '00:04:13', 5, 2017),
(56, 3, 'Truth Is a Beautiful Thing', '00:04:27', 5, 2017),
(57, 3, 'Intro', '00:01:26', 6, 2021),
(58, 3, 'Californian Soil', '00:03:42', 6, 2021),
(59, 3, 'Missing', '00:03:46', 6, 2021),
(60, 3, 'Lose Your Head', '00:03:23', 6, 2021),
(61, 3, 'Lord It''s a Feeling', '00:04:13', 6, 2021),
(62, 3, 'How Does It Feel', '00:03:25', 6, 2021),
(63, 3, 'Baby It''s You', '00:03:57', 6, 2021),
(64, 3, 'Call Your Friends', '00:04:07', 6, 2021),
(65, 3, 'All My Love', '00:04:16', 6, 2021),
(66, 3, 'Talking', '00:03:28', 6, 2021),
(67, 3, 'America', '00:03:50', 6, 2021),
(68, 3, 'Kind of Man', '00:03:14', 7, 2024),
(69, 3, 'The Greatest Love', '00:03:38', 7, 2024),
(70, 3, 'Into Gold', '00:03:42', 7, 2024),
(71, 3, 'House', '00:03:36', 7, 2024),
(72, 3, 'Dancing by Night', '00:04:15', 7, 2024),
(73, 3, 'From the Start', '00:03:17', 7, 2024),
(74, 3, 'Fire', '00:03:50', 7, 2024),
(75, 3, 'Move', '00:03:31', 7, 2024),
(76, 3, 'Flicker', '00:04:10', 7, 2024),
(77, 3, 'Stay', '00:03:22', 7, 2024),
(78, 3, 'When the Sun Hits', '00:04:45', 7, 2024);

INSERT INTO chanson (id_chanson, id_artiste_principal, titre, duree, id_album, annee) VALUES
(79, 4, 'Wanna Be Startin'' Somethin''', '00:06:03', 8, 1982),
(80, 4, 'Baby Be Mine', '00:04:20', 8, 1982),
(81, 4, 'The Girl Is Mine', '00:03:42', 8, 1982),
(82, 4, 'Thriller', '00:05:57', 8, 1982),
(83, 4, 'Beat It', '00:04:18', 8, 1982),
(84, 4, 'Billie Jean', '00:04:54', 8, 1982),
(85, 4, 'Human Nature', '00:04:06', 8, 1982),
(86, 4, 'P.Y.T. (Pretty Young Thing)', '00:03:59', 8, 1982),
(87, 4, 'The Lady in My Life', '00:04:59', 8, 1982),
(88, 4, 'Bad', '00:04:07', 9, 1987),
(89, 4, 'The Way You Make Me Feel', '00:04:58', 9, 1987),
(90, 4, 'Speed Demon', '00:04:01', 9, 1987),
(91, 4, 'Liberian Girl', '00:03:53', 9, 1987),
(92, 4, 'Just Good Friends', '00:04:06', 9, 1987),
(93, 4, 'Another Part of Me', '00:03:54', 9, 1987),
(94, 4, 'Man in the Mirror', '00:05:19', 9, 1987),
(95, 4, 'I Just Can''t Stop Loving You', '00:04:12', 9, 1987),
(96, 4, 'Dirty Diana', '00:04:41', 9, 1987),
(97, 4, 'Smooth Criminal', '00:04:17', 9, 1987),
(98, 4, 'Leave Me Alone', '00:04:40', 9, 1987),
(99, 4, 'Jam', '00:05:38', 10, 1991),
(100, 4, 'Why You Wanna Trip on Me', '00:05:25', 10, 1991),
(101, 4, 'In the Closet', '00:06:31', 10, 1991),
(102, 4, 'She Drives Me Wild', '00:03:41', 10, 1991),
(103, 4, 'Remember the Time', '00:04:00', 10, 1991),
(104, 4, 'Can''t Let Her Get Away', '00:05:00', 10, 1991),
(105, 4, 'Heal the World', '00:06:25', 10, 1991),
(106, 4, 'Black or White', '00:04:15', 10, 1991),
(107, 4, 'Who Is It', '00:06:35', 10, 1991),
(108, 4, 'Give In to Me', '00:05:28', 10, 1991),
(109, 4, 'Will You Be There', '00:07:40', 10, 1991),
(110, 4, 'Keep the Faith', '00:05:57', 10, 1991),
(111, 4, 'Gone Too Soon', '00:03:23', 10, 1991),
(112, 4, 'Dangerous', '00:06:57', 10, 1991),
(113, 4, 'Unbreakable', '00:06:26', 11, 2001),
(114, 4, 'Heartbreaker', '00:05:10', 11, 2001),
(115, 4, 'Invincible', '00:04:46', 11, 2001),
(116, 4, 'Break of Dawn', '00:05:32', 11, 2001),
(117, 4, 'Heaven Can Wait', '00:04:49', 11, 2001),
(118, 4, 'You Rock My World', '00:05:39', 11, 2001),
(119, 4, 'Butterflies', '00:04:40', 11, 2001),
(120, 4, 'Speechless', '00:03:18', 11, 2001),
(121, 4, '2000 Watts', '00:04:24', 11, 2001),
(122, 4, 'You Are My Life', '00:04:33', 11, 2001),
(123, 4, 'Privacy', '00:05:06', 11, 2001),
(124, 4, 'Don''t Walk Away', '00:04:25', 11, 2001),
(125, 4, 'Cry', '00:05:01', 11, 2001),
(126, 4, 'The Lost Children', '00:04:00', 11, 2001),
(127, 4, 'Whatever Happens', '00:04:56', 11, 2001),
(128, 4, 'Threatened', '00:04:19', 11, 2001);

INSERT INTO chanson (id_chanson, id_artiste_principal, titre, duree, id_album, annee) VALUES
(129, 5, 'Material Girl', '00:04:00', 12, 1985),
(130, 5, 'Angel', '00:03:56', 12, 1985),
(131, 5, 'Like a Virgin', '00:03:38', 12, 1984),
(132, 5, 'Over and Over', '00:04:12', 12, 1984),
(133, 5, 'Love Don''t Live Here Anymore', '00:04:49', 12, 1984),
(134, 5, 'Dress You Up', '00:04:01', 12, 1985),
(135, 5, 'Shoo-Bee-Doo', '00:04:41', 12, 1984),
(136, 5, 'Pretender', '00:04:28', 12, 1984),
(137, 5, 'Stay', '00:04:07', 12, 1984),
(138, 5, 'Papa Don''t Preach', '00:04:29', 13, 1986),
(139, 5, 'Open Your Heart', '00:04:12', 13, 1986),
(140, 5, 'White Heat', '00:04:40', 13, 1986),
(141, 5, 'Live to Tell', '00:05:51', 13, 1986),
(142, 5, 'Where''s the Party', '00:04:20', 13, 1986),
(143, 5, 'True Blue', '00:04:18', 13, 1986),
(144, 5, 'La Isla Bonita', '00:04:02', 13, 1987),
(145, 5, 'Jimmy Jimmy', '00:03:55', 13, 1986),
(146, 5, 'Love Makes the World Go Round', '00:04:31', 13, 1986),
(147, 5, 'Music', '00:03:45', 14, 2000),
(148, 5, 'Impressive Instant', '00:03:37', 14, 2000),
(149, 5, 'Runaway Lover', '00:04:47', 14, 2000),
(150, 5, 'I Deserve It', '00:04:23', 14, 2000),
(151, 5, 'Amazing', '00:03:43', 14, 2000),
(152, 5, 'Nobody''s Perfect', '00:04:58', 14, 2000),
(153, 5, 'Don''t Tell Me', '00:04:10', 14, 2000),
(154, 5, 'What It Feels Like for a Girl', '00:04:43', 14, 2001),
(155, 5, 'Paradise (Not for Me)', '00:06:33', 14, 2000),
(156, 5, 'Gone', '00:03:29', 14, 2000),
(157, 5, 'American Life', '00:04:57', 15, 2003),
(158, 5, 'Hollywood', '00:04:24', 15, 2003),
(159, 5, 'I''m So Stupid', '00:04:08', 15, 2003),
(160, 5, 'Love Profusion', '00:03:38', 15, 2003),
(161, 5, 'Nobody Knows Me', '00:04:39', 15, 2003),
(162, 5, 'Nothing Fails', '00:04:48', 15, 2003),
(163, 5, 'Intervention', '00:04:54', 15, 2003),
(164, 5, 'X-Static Process', '00:03:49', 15, 2003),
(165, 5, 'Mother and Father', '00:04:33', 15, 2003),
(166, 5, 'Die Another Day', '00:04:38', 15, 2002),
(167, 5, 'Easy Ride', '00:05:05', 15, 2003),
(168, 5, 'Hung Up', '00:05:36', 16, 2005),
(169, 5, 'Get Together', '00:05:30', 16, 2005),
(170, 5, 'Sorry', '00:04:43', 16, 2006),
(171, 5, 'Future Lovers', '00:04:48', 16, 2005),
(172, 5, 'I Love New York', '00:04:11', 16, 2005),
(173, 5, 'Let It Will Be', '00:04:19', 16, 2005),
(174, 5, 'Forbidden Love', '00:04:22', 16, 2005),
(175, 5, 'Jump', '00:03:47', 16, 2006),
(176, 5, 'How High', '00:05:00', 16, 2005),
(177, 5, 'Isaac', '00:06:03', 16, 2005),
(178, 5, 'Push', '00:03:57', 16, 2005),
(179, 5, 'Like It or Not', '00:04:31', 16, 2005),
(180, 5, 'Beautiful Stranger', '00:04:21', NULL, 1999),
(181, 5, 'Give Me All Your Luvin''', '00:03:22', NULL, 2012),
(182, 5, 'Ghosttown', '00:04:09', NULL, 2015);


INSERT INTO chanson (id_chanson, id_artiste_principal, titre, duree, id_album, annee) VALUES
(183, 6, 'Quand la musique est bonne', '00:03:59', 17, 1982),
(184, 6, 'Comme toi', '00:04:10', 17, 1982),
(185, 6, 'Au bout de mes rêves', '00:04:22', 17, 1982),
(186, 6, 'Minoritaire', '00:03:59', 17, 1982),
(187, 6, 'Je ne vous parlerai pas d''elle', '00:03:55', 17, 1982),
(188, 6, 'Si tu m''emmènes', '00:04:28', 17, 1982),
(189, 6, 'Envole-moi', '00:05:00', 18, 1984),
(190, 6, 'Encore un matin', '00:03:55', 18, 1984),
(191, 6, 'Peur de rien blues', '00:05:03', 18, 1984),
(192, 6, 'Long is the Road (Américain)', '00:05:30', 18, 1984),
(193, 6, 'Possédés', '00:03:40', 18, 1984),
(194, 6, 'Dors Bébé dors', '00:03:10', 18, 1984),
(195, 6, 'Je marche seul', '00:04:03', 19, 1985),
(196, 6, 'Pas toi', '00:05:27', 19, 1985),
(197, 6, 'Compte pas sur moi', '00:03:37', 19, 1985),
(198, 6, 'Confidentiel', '00:03:36', 19, 1985),
(199, 6, 'Délires schizo-maniaco-psychotiques', '00:03:46', 19, 1985),
(200, 6, 'Je te donne', '00:05:37', 19, 1985),
(201, 6, 'Elle a fait un bébé toute seule', '00:03:30', 20, 1987),
(202, 6, 'Puisque tu pars', '00:07:43', 20, 1987),
(203, 6, 'C''est ta chance', '00:04:26', 20, 1987),
(204, 6, 'Il changeait la vie', '00:04:10', 20, 1987),
(205, 6, 'Quelque chose de bizarre', '00:03:37', 20, 1987),
(206, 6, 'Des bouts de moi', '00:03:48', 20, 1987),
(207, 6, 'Entre gris clair et gris foncé', '00:05:12', 20, 1987);


INSERT INTO chanson (id_chanson, id_artiste_principal, titre, duree, id_album, annee) VALUES
(208, 2, 'The Fool', '00:03:27', 22, 2023),
(209, 2, 'Night Heights', '00:04:09', 22, 2023),
(210, 2, 'Maria', '00:04:23', 22, 2023),
(211, 2, 'Cosmic Love', '00:03:12', 22, 2023),
(212, 2, 'To All The People', '00:04:20', 22, 2023),
(213, 2, 'Take A Chance', '00:03:24', 22, 2023),
(214, 2, 'Falling', '00:03:25', 22, 2023),
(215, 2, 'Save The World', '00:02:58', 22, 2023),
(216, 2, 'I Feel Alive', '00:02:42', 22, 2023),
(217, 2, 'The Balance', '00:02:26', 22, 2023),
(218, 2, 'Goodbye', '00:03:33', 22, 2023);


INSERT INTO chanson (id_chanson, id_artiste_principal, titre, duree, id_album, annee) VALUES
(219, 7, 'Femininomenon', '00:03:39', 23, 2023),
(220, 7, 'Red Wine Supernova', '00:03:12', 23, 2023),
(221, 7, 'After Midnight', '00:03:24', 23, 2023),
(222, 7, 'Coffee', '00:03:25', 23, 2023),
(223, 7, 'Casual', '00:03:52', 23, 2023),
(224, 7, 'Super Graphic Ultra Modern Girl', '00:03:03', 23, 2023),
(225, 7, 'Hot to Go!', '00:03:04', 23, 2023),
(226, 7, 'My Kink Is Karma', '00:03:42', 23, 2023),
(227, 7, 'Picture You', '00:03:07', 23, 2023),
(228, 7, 'Kaleidoscope', '00:03:42', 23, 2023),
(229, 7, 'Pink Pony Club', '00:04:18', 23, 2023),
(230, 7, 'Naked in Manhattan', '00:03:31', 23, 2023),
(231, 7, 'California', '00:03:18', 23, 2023),
(232, 7, 'Guilty Pleasure', '00:03:44', 23, 2023);


INSERT INTO chanson (id_chanson, id_artiste_principal, titre, duree, id_album, annee) VALUES
(233, 8, 'A Hard Day''s Night', '00:02:34', 24, 1964),
(234, 8, 'I Should Have Known Better', '00:02:43', 24, 1964),
(235, 8, 'If I Fell', '00:02:20', 24, 1964),
(236, 8, 'I''m Happy Just to Dance with You', '00:01:59', 24, 1964),
(237, 8, 'And I Love Her', '00:02:28', 24, 1964),
(238, 8, 'Tell Me Why', '00:02:10', 24, 1964),
(239, 8, 'Can''t Buy Me Love', '00:02:13', 24, 1964),
(240, 8, 'Any Time at All', '00:02:11', 24, 1964),
(241, 8, 'I''ll Cry Instead', '00:02:08', 24, 1964),
(242, 8, 'Things We Said Today', '00:02:37', 24, 1964),
(243, 8, 'When I Get Home', '00:02:18', 24, 1964),
(244, 8, 'You Can''t Do That', '00:02:34', 24, 1964),
(245, 8, 'I''ll Be Back', '00:02:21', 24, 1964),
(246, 8, 'Help!', '00:02:18', 25, 1965),
(247, 8, 'The Night Before', '00:02:36', 25, 1965),
(248, 8, 'You''ve Got to Hide Your Love Away', '00:02:09', 25, 1965),
(249, 8, 'I Need You', '00:02:29', 25, 1965),
(250, 8, 'Another Girl', '00:02:06', 25, 1965),
(251, 8, 'You''re Going to Lose That Girl', '00:02:18', 25, 1965),
(252, 8, 'Ticket to Ride', '00:03:10', 25, 1965),
(253, 8, 'Act Naturally', '00:02:33', 25, 1965),
(254, 8, 'It''s Only Love', '00:01:57', 25, 1965),
(255, 8, 'You Like Me Too Much', '00:02:35', 25, 1965),
(256, 8, 'Tell Me What You See', '00:02:36', 25, 1965),
(257, 8, 'I''ve Just Seen a Face', '00:02:10', 25, 1965),
(258, 8, 'Yesterday', '00:02:05', 25, 1965),
(259, 8, 'Dizzy Miss Lizzy', '00:02:55', 25, 1965),
(260, 8, 'Taxman', '00:02:39', 26, 1966),
(261, 8, 'Eleanor Rigby', '00:02:06', 26, 1966),
(262, 8, 'I''m Only Sleeping', '00:03:01', 26, 1966),
(263, 8, 'Love You To', '00:03:01', 26, 1966),
(264, 8, 'Here, There and Everywhere', '00:02:25', 26, 1966),
(265, 8, 'Yellow Submarine', '00:02:38', 26, 1966),
(266, 8, 'She Said She Said', '00:02:36', 26, 1966),
(267, 8, 'Good Day Sunshine', '00:02:09', 26, 1966),
(268, 8, 'And Your Bird Can Sing', '00:02:01', 26, 1966),
(269, 8, 'For No One', '00:02:01', 26, 1966),
(270, 8, 'Doctor Robert', '00:02:15', 26, 1966),
(271, 8, 'I Want to Tell You', '00:02:30', 26, 1966),
(272, 8, 'Got to Get You into My Life', '00:02:30', 26, 1966),
(273, 8, 'Tomorrow Never Knows', '00:02:58', 26, 1966),
(274, 8, 'Come Together', '00:04:20', 27, 1969),
(275, 8, 'Something', '00:03:03', 27, 1969),
(276, 8, 'Maxwell''s Silver Hammer', '00:03:27', 27, 1969),
(277, 8, 'Oh! Darling', '00:03:26', 27, 1969),
(278, 8, 'Octopus''s Garden', '00:02:51', 27, 1969),
(279, 8, 'I Want You (She''s So Heavy)', '00:07:47', 27, 1969),
(280, 8, 'Here Comes the Sun', '00:03:06', 27, 1969),
(281, 8, 'Because', '00:02:45', 27, 1969),
(282, 8, 'You Never Give Me Your Money', '00:04:02', 27, 1969),
(283, 8, 'Sun King', '00:02:26', 27, 1969),
(284, 8, 'Mean Mr. Mustard', '00:01:06', 27, 1969),
(285, 8, 'Polythene Pam', '00:01:12', 27, 1969),
(286, 8, 'She Came In Through the Bathroom Window', '00:01:57', 27, 1969),
(287, 8, 'Golden Slumbers', '00:01:31', 27, 1969),
(288, 8, 'Carry That Weight', '00:01:36', 27, 1969),
(289, 8, 'The End', '00:02:20', 27, 1969),
(290, 8, 'Her Majesty', '00:00:23', 27, 1969),
(291, 8, 'Two of Us', '00:03:36', 28, 1970),
(292, 8, 'Dig a Pony', '00:03:54', 28, 1970),
(293, 8, 'Across the Universe', '00:03:48', 28, 1970),
(294, 8, 'I Me Mine', '00:02:25', 28, 1970),
(295, 8, 'Dig It', '00:00:50', 28, 1970),
(296, 8, 'Let It Be', '00:04:03', 28, 1970),
(297, 8, 'Maggie Mae', '00:00:40', 28, 1970),
(298, 8, 'I''ve Got a Feeling', '00:03:37', 28, 1970),
(299, 8, 'One After 909', '00:02:55', 28, 1970),
(300, 8, 'The Long and Winding Road', '00:03:38', 28, 1970),
(301, 8, 'For You Blue', '00:02:33', 28, 1970),
(302, 8, 'Get Back', '00:03:09', 28, 1970);


INSERT INTO chanson (id_chanson, id_artiste_principal, titre, duree, id_album, annee) VALUES
(303, 9, '(I Can''t Get No) Satisfaction', '00:03:43', NULL, 1965),
(304, 9, 'Paint It Black', '00:03:45', NULL, 1966),
(305, 9, 'Angie', '00:04:32', NULL, 1973),
(306, 9, 'Sympathy for the Devil', '00:06:18', NULL, 1968),
(307, 9, 'Gimme Shelter', '00:04:30', NULL, 1969),
(308, 9, 'You Can''t Always Get What You Want', '00:07:28', NULL, 1969),
(309, 9, 'Jumpin'' Jack Flash', '00:03:42', NULL, 1968),
(310, 9, 'Wild Horses', '00:05:28', NULL, 1971),
(311, 9, 'Miss You', '00:04:48', NULL, 1978),
(312, 9, 'Start Me Up', '00:03:33', NULL, 1981),
(313, 10, 'Maman a tort', NULL, NULL, 1984),
(314, 10, 'Libertine', NULL, NULL, 1986),
(315, 10, 'Sans contrefaçon', NULL, NULL, 1987),
(316, 10, 'Pourvu qu''elles soient douces', '00:04:10', NULL, 1988),
(317, 10, 'Désenchantée', NULL, NULL, 1991),
(318, 10, 'Que mon cœur lâche', NULL, NULL, 1992),
(319, 10, 'XXL', NULL, NULL, 1995),
(320, 10, 'California', NULL, NULL, 1996),
(321, 10, 'L''Âme-stram-gram', NULL, NULL, 1999),
(322, 10, 'Les Mots', NULL, NULL, 2001),
(323, 10, 'C''est une belle journée', NULL, NULL, 2002),
(324, 10, 'Innamoramento', NULL, NULL, 1999),
(325, 11, 'Just Dance', '00:03:20', NULL, 2008),
(326, 11, 'Poker Face', '00:03:57', NULL, 2008),
(327, 11, 'Bad Romance', '00:04:54', NULL, 2009),
(328, 11, 'Telephone', '00:03:41', NULL, 2010),
(329, 11, 'Alejandro', '00:04:34', NULL, 2010),
(330, 11, 'Born This Way', '00:04:20', NULL, 2011),
(331, 11, 'Judas', '00:04:10', NULL, 2011),
(332, 11, 'The Edge of Glory', '00:05:32', NULL, 2011),
(333, 11, 'Applause', '00:03:32', NULL, 2013),
(334, 11, 'Abracadabra', '00:03:43', NULL, 2025);

INSERT INTO chanson (id_chanson, id_artiste_principal, titre, duree, id_album, annee) VALUES
(335, 12, 'Come Out and Play (Keep ''em Separated)', NULL, NULL, 1994),
(336, 12, 'Self Esteem', NULL, NULL, 1994),
(337, 12, 'Gotta Get Away', NULL, NULL, 1995),
(338, 12, 'Pretty Fly (For a White Guy)', NULL, NULL, 1998),
(339, 12, 'Why Don''t You Get a Job?', NULL, NULL, 1999),
(340, 12, 'The Kids Aren''t Alright', NULL, NULL, 1999),
(341, 12, 'Original Prankster', NULL, NULL, 2000),
(342, 12, 'Hit That', NULL, NULL, 2003),
(343, 13, 'I''m Like a Bird', NULL, NULL, 2000),
(344, 13, 'Turn Off the Light', NULL, NULL, 2001),
(345, 13, 'Promiscuous', NULL, NULL, 2006),
(346, 13, 'Maneater', NULL, NULL, 2006),
(347, 13, 'Say It Right', NULL, NULL, 2006),
(348, 14, 'Baby One More Time', '00:03:30', NULL, 1998),
(349, 14, 'Crazy', '00:03:17', NULL, 1999),
(350, 14, 'Oops!... I Did It Again', '00:03:31', NULL, 2000),
(351, 14, 'Lucky', '00:03:25', NULL, 2000),
(352, 14, 'Toxic', '00:03:21', NULL, 2004),
(353, 14, 'Everytime', '00:03:50', NULL, 2004),
(354, 14, 'Gimme More', '00:03:11', NULL, 2007),
(355, 14, 'Piece of Me', '00:03:32', NULL, 2007),
(356, 14, 'Womanizer', '00:03:43', NULL, 2008),
(357, 15, 'Genie in a Bottle', '00:03:37', NULL, 1999),
(358, 15, 'What a Girl Wants', '00:03:34', NULL, 1999),
(359, 15, 'Lady Marmalade', '00:04:25', NULL, 2001),
(360, 15, 'Beautiful', '00:03:58', NULL, 2002),
(361, 16, 'Louxor j''adore', '00:03:02', NULL, 2005),
(362, 16, 'La Banane', '00:02:18', NULL, 2010),
(363, 16, 'Des Bisoux', '00:02:39', NULL, 2010),
(364, 16, 'Je vous emmerde', NULL, NULL, 1999),
(365, 16, 'Qu''est-ce que je peux faire', '00:03:20', NULL, 2000),
(366, 16, 'Sexy Cool', NULL, NULL, 2013),
(367, 16, 'Efféminé', NULL, NULL, 2013),
(368, 16, 'Nu', '00:02:26', NULL, 2024);


INSERT INTO chanson (id_chanson, id_artiste_principal, titre, duree, id_album, annee) VALUES
(369, 17, 'Alors on danse', '00:03:27', NULL, 2009),
(370, 17, 'Papaoutai', '00:03:52', NULL, 2013),
(371, 17, 'Formidable', '00:03:34', NULL, 2013),
(372, 17, 'Tous les mêmes', '00:03:33', NULL, 2013),
(373, 17, 'Ta fête', '00:02:56', NULL, 2014),
(374, 17, 'Ma meilleure ennemie', NULL, NULL, 2025),
(375, 18, 'The Rockafeller Skank', '00:06:53', NULL, 1998),
(376, 18, 'Praise You', '00:05:23', NULL, 1998),
(377, 18, 'Right Here, Right Now', '00:06:27', NULL, 1999),
(378, 19, 'Tout oublier', '00:03:22', NULL, 2018),
(379, 19, 'Balance ton quoi', '00:03:09', NULL, 2019),
(380, 19, 'Flou', '00:03:19', NULL, 2019),
(381, 19, 'Oui ou non', '00:03:16', NULL, 2019),
(382, 20, 'Hips Don''t Lie', '00:03:38', NULL, 2006),
(383, 20, 'Whenever, Wherever', '00:03:17', NULL, 2001),
(384, 20, 'Waka Waka', '00:03:22', NULL, 2010),
(385, 20, 'La Tortura', '00:03:33', NULL, 2005),
(386, 20, 'She Wolf', '00:03:07', NULL, 2009),
(387, 20, 'Underneath Your Clothes', '00:04:14', NULL, 2002),
(388, 20, 'Chantaje', '00:03:19', NULL, 2016),
(389, 20, 'Objection', '00:03:42', NULL, 2002),
(390, 21, 'With or Without You', '00:04:56', NULL, 1987),
(391, 21, 'I Still Haven''t Found What I''m Looking For', '00:04:37', NULL, 1987),
(392, 21, 'Sunday Bloody Sunday', '00:04:40', NULL, 1983),
(393, 21, 'Where the Streets Have No Name', '00:05:38', NULL, 1987),
(394, 21, 'One', '00:04:36', NULL, 1991),
(395, 21, 'Beautiful Day', '00:04:07', NULL, 2000),
(396, 21, 'Vertigo', '00:03:13', NULL, 2004),
(397, 21, 'Pride (In the Name of Love)', '00:03:45', NULL, 1984),
(398, 21, 'New Year''s Day', '00:04:15', NULL, 1983),
(399, 21, 'Mysterious Ways', '00:04:01', NULL, 1991);


INSERT INTO chanson (id_chanson, id_artiste_principal, titre, duree, id_album, annee) VALUES
(400, 22, 'J''me barre', '00:02:59', NULL, 2023),
(401, 22, 'Q', '00:03:16', NULL, 2022),
(402, 22, 'Dissimule', '00:03:44', NULL, 2025),
(403, 22, 'More Love', '00:02:40', NULL, 2024),
(404, 22, 'Tout savoir', '00:03:16', NULL, 2022),
(405, 22, 'Insomnies', '00:03:09', NULL, 2022),
(406, 23, 'Près de moi', '00:03:46', NULL, 2001),
(407, 23, 'Je serai (ta meilleure amie)', '00:03:45', NULL, 2001),
(408, 23, 'Toute seule', '00:03:43', NULL, 2002),
(409, 23, 'Sur un air latino', '00:03:41', NULL, 2003),
(410, 23, 'J''ai besoin d''amour', '00:03:38', NULL, 2003),
(411, 23, 'Ensorcelée', '00:03:44', NULL, 2005),
(412, 23, 'Positive Attitude', NULL, NULL, 2002),
(413, 24, 'If You Had My Love', '00:04:06', NULL, 1999),
(414, 24, 'Waiting for Tonight', '00:04:07', NULL, 1999),
(415, 24, 'Love Don''t Cost a Thing', '00:03:39', NULL, 2000),
(416, 24, 'Play', '00:03:41', NULL, 2001),
(417, 24, 'Jenny from the Block', '00:03:16', NULL, 2002),
(418, 24, 'All I Have', '00:04:29', NULL, 2003),
(419, 24, 'Get Right', '00:03:46', NULL, 2005),
(420, 24, 'Do It Well', '00:03:45', NULL, 2007),
(421, 24, 'Let''s Get Loud', NULL, NULL, 2000),
(422, 25, 'La Main Verte', NULL, NULL, 2003),
(423, 25, 'L''Hymne de nos campagnes', '00:04:45', NULL, 2000),
(424, 25, 'Désolé pour hier soir', '00:03:59', NULL, 2003);


INSERT INTO chanson (id_chanson, id_artiste_principal, titre, duree, id_album, annee) VALUES
(425, 26, 'Clown', '00:03:42', NULL, 2014),
(426, 26, 'Cosmo', '00:03:37', NULL, 2016),
(427, 26, 'Le coach', '00:03:29', NULL, 2017),
(428, 26, 'À la vie à l''amour', '00:03:34', NULL, 2019),
(429, 26, 'Roule', '00:03:41', NULL, 2020),
(430, 26, 'Fresh Prince', '00:03:33', NULL, 2014),
(431, 26, 'Zoum', '00:03:35', NULL, 2016),
(432, 26, 'Mon Everest', '00:03:46', NULL, 2019),
(433, 27, 'Don''t Speak', NULL, NULL, 1996),
(436, 28, 'Hollaback Girl', NULL, NULL, 2005),
(437, 28, 'The Sweet Escape', NULL, NULL, 2006),
(438, 28, 'What You Waiting For?', NULL, NULL, 2004),
(439, 29, 'Say What You Want', NULL, NULL, 1997),
(440, 29, 'Black Eyed Boy', NULL, NULL, 1997),
(441, 29, 'Summer Son', NULL, NULL, 1999),
(442, 29, 'Inner Smile', NULL, NULL, 2001),
(443, 29, 'In Demand', NULL, NULL, 2000),
(444, 30, 'Basket Case', NULL, NULL, 1994),
(445, 30, 'When I Come Around', NULL, NULL, 1994),
(446, 30, 'American Idiot', NULL, NULL, 2004),
(447, 30, 'Boulevard of Broken Dreams', NULL, NULL, 2004),
(448, 30, 'Wake Me Up When September Ends', NULL, NULL, 2005);


INSERT INTO chanson (id_chanson, id_artiste_principal, titre, duree, id_album, annee) VALUES
(449, 31, 'Where Is the Love?', '00:04:18', NULL, 2003),
(450, 31, 'Let''s Get It Started', '00:03:37', NULL, 2004),
(451, 31, 'Boom Boom Pow', '00:04:09', NULL, 2009),
(452, 31, 'I Gotta Feeling', '00:04:49', NULL, 2009),
(453, 31, 'Pump It', '00:03:33', NULL, 2006),
(454, 31, 'My Humps', '00:04:05', NULL, 2005),
(455, 31, 'Meet Me Halfway', '00:03:39', NULL, 2009),
(456, 31, 'Imma Be', '00:04:47', NULL, 2009),
(457, 31, 'Don''t Phunk With My Heart', '00:04:00', NULL, 2005),
(458, 31, 'Rock That Body', '00:03:46', NULL, 2009),
(459, 32, 'Wannabe', '00:02:52', NULL, 1996),
(460, 32, 'Say You''ll Be There', '00:03:59', NULL, 1996),
(461, 32, '2 Become 1', '00:04:00', NULL, 1996),
(462, 33, 'Partir un jour', '00:03:49', NULL, 1996),
(463, 33, 'Toujours là pour toi', '00:04:05', NULL, 1996),
(464, 34, 'Cuitas les bananas', NULL, NULL, NULL),
(465, 35, 'Dancing Queen', '00:03:50', NULL, 1976),
(466, 35, 'Mamma Mia', '00:03:32', NULL, 1975),
(467, 35, 'Waterloo', '00:02:42', NULL, 1974),
(468, 35, 'Take a Chance on Me', '00:04:05', NULL, 1978),
(469, 35, 'Fernando', '00:04:14', NULL, 1976),
(470, 35, 'Gimme! Gimme! Gimme! (A Man After Midnight)', '00:04:44', NULL, 1979),
(471, 35, 'Knowing Me, Knowing You', '00:04:03', NULL, 1977),
(472, 35, 'The Winner Takes It All', '00:04:55', NULL, 1980),
(473, 35, 'SOS', '00:03:21', NULL, 1975),
(474, 35, 'Chiquitita', '00:05:27', NULL, 1979),
(475, 36, 'You Oughta Know', '00:04:09', NULL, 1995),
(476, 36, 'Ironic', '00:03:50', NULL, 1995),
(477, 36, 'Hand in My Pocket', '00:03:42', NULL, 1995),
(478, 36, 'Head over Feet', '00:04:28', NULL, 1995),
(479, 36, 'All I Really Want', '00:04:05', NULL, 1995),
(480, 36, 'Uninvited', '00:04:09', NULL, 1998),
(481, 36, 'Thank U', '00:04:23', NULL, 1998),
(482, 36, 'Hands Clean', '00:04:23', NULL, 2002),
(483, 36, 'Precious Illusions', '00:04:12', NULL, 2002),
(484, 36, 'Flavors of Entanglement', '00:04:24', NULL, 2008);


INSERT INTO chanson (id_chanson, id_artiste_principal, titre, duree, id_album, annee) VALUES
(485, 37, 'Maniac', '00:03:34', NULL, 2001),
(486, 37, 'Question de survie', '00:03:45', NULL, 2001),
(487, 37, 'Etincelle', '00:03:38', NULL, 2002),
(488, 37, 'Laisse tourner le monde', '00:03:42', NULL, 2002),
(489, 37, 'Toutes les femmes de ta vie', '00:03:32', NULL, 2001),
(490, 38, 'Complicated', '00:04:04', NULL, 2002),
(491, 38, 'Sk8er Boi', '00:03:24', NULL, 2002),
(492, 38, 'I''m with You', '00:03:44', NULL, 2002),
(493, 38, 'Girlfriend', '00:03:35', NULL, 2007),
(494, 38, 'When You''re Gone', '00:04:11', NULL, 2007),
(495, 39, 'Chandelier', '00:03:36', NULL, 2014),
(496, 39, 'Elastic Heart', '00:04:10', NULL, 2013),
(497, 39, 'Cheap Thrills', '00:03:31', NULL, 2016),
(498, 39, 'The Greatest', '00:03:31', NULL, 2016),
(499, 39, 'Alive', '00:04:23', NULL, 2015),
(500, 39, 'Titanium', '00:04:05', NULL, 2011),
(501, 39, 'Bird Set Free', '00:03:38', NULL, 2015),
(502, 39, 'Move Your Body', '00:03:19', NULL, 2017),
(503, 39, 'Unstoppable', '00:03:37', NULL, 2016),
(504, 39, 'Never Give Up', '00:03:40', NULL, 2016),
(505, 40, 'Sweet but Psycho', '00:03:07', NULL, 2018),
(506, 40, 'Kings & Queens', '00:03:28', NULL, 2020),
(507, 40, 'Torn', '00:02:58', NULL, 2019),
(508, 40, 'My Head & My Heart', '00:02:51', NULL, 2020),
(509, 40, 'Who''s Laughing Now', '00:02:58', NULL, 2019),
(510, 40, 'Maybe You''re the Problem', '00:03:12', NULL, 2022);


INSERT INTO chanson (id_chanson, id_artiste_principal, titre, duree, id_album, annee) VALUES
(511, 41, 'La Grenade', '00:03:20', NULL, 2018),
(512, 41, 'Nue', '00:03:25', NULL, 2018),
(513, 41, 'Le Reste', '00:03:28', NULL, 2021),
(514, 41, 'Tout pour moi', '00:03:22', NULL, 2021),
(515, 41, 'Ma sœur', '00:03:30', NULL, 2021),
(516, 42, 'Wonderwall', '00:04:18', NULL, 1995),
(517, 42, 'Don''t Look Back in Anger', '00:04:48', NULL, 1996),
(518, 42, 'Champagne Supernova', '00:07:27', NULL, 1996),
(519, 42, 'Live Forever', '00:04:36', NULL, 1994),
(520, 42, 'Supersonic', '00:04:43', NULL, 1994),
(521, 43, 'Yellow', '00:04:26', NULL, 2000),
(522, 43, 'The Scientist', '00:05:09', NULL, 2002),
(523, 43, 'Clocks', '00:05:07', NULL, 2003),
(524, 43, 'Fix You', '00:04:55', NULL, 2005),
(525, 43, 'Viva la Vida', '00:04:02', NULL, 2008),
(526, 43, 'Paradise', '00:04:38', NULL, 2011),
(527, 43, 'A Sky Full of Stars', '00:04:28', NULL, 2014),
(528, 43, 'Adventure of a Lifetime', '00:04:23', NULL, 2015),
(529, 43, 'Something Just Like This', '00:04:07', NULL, 2017),
(530, 43, 'Hymn for the Weekend', '00:04:18', NULL, 2015),
(531, 44, 'L''Aventurier', '00:04:32', NULL, 1982),
(532, 44, '3e Sexe', '00:04:06', NULL, 1985),
(533, 44, 'Trois nuits par semaine', '00:03:55', NULL, 1985),
(534, 44, 'J''ai demandé à la lune', '00:04:29', NULL, 2002),
(535, 44, 'Alice & June', '00:04:36', NULL, 2005),
(536, 44, 'College Boy', '00:03:52', NULL, 2013),
(537, 44, 'La Belle et la Bête', NULL, NULL, 2020),
(538, 44, 'Nos Célébrations', NULL, NULL, 2022),
(539, 44, 'Paradize', '00:04:44', NULL, 2002),
(540, 44, 'Memoria', '00:04:31', NULL, 2002);


INSERT INTO chanson (id_chanson, id_artiste_principal, titre, duree, id_album, annee) VALUES
(541, 45, 'Love Story', '00:03:55', NULL, 2008),
(542, 45, 'You Belong With Me', '00:03:52', NULL, 2008),
(543, 45, 'Shake It Off', '00:03:39', NULL, 2014),
(544, 45, 'Blank Space', '00:03:51', NULL, 2014),
(545, 45, 'Bad Blood', '00:03:31', NULL, 2015),
(546, 45, 'Look What You Made Me Do', '00:03:31', NULL, 2017),
(547, 45, 'Cardigan', '00:03:59', NULL, 2020),
(548, 45, 'Willow', '00:03:34', NULL, 2020),
(549, 45, 'Anti-Hero', '00:03:20', NULL, 2022),
(550, 45, ' The Fate of Ophelia', '00:03:14', NULL, 2025),
(551, 46, 'Blinding Lights', '00:03:20', NULL, 2019),
(552, 46, 'Save Your Tears', '00:03:35', NULL, 2020),
(553, 46, 'Starboy', '00:03:50', NULL, 2016),
(554, 46, 'The Hills', '00:04:02', NULL, 2015),
(555, 46, 'Can''t Feel My Face', '00:03:35', NULL, 2015),
(556, 47, 'Apt', '00:03:14', NULL, 2021),
(557, 48, 'My Heart Will Go On', '00:04:40', NULL, 1997),
(558, 48, 'The Power of Love', '00:05:09', NULL, 1993),
(559, 48, 'Because You Loved Me', '00:04:33', NULL, 1996),
(560, 48, 'It''s All Coming Back to Me Now', '00:07:00', NULL, 1996),
(561, 48, 'All by Myself', '00:05:12', NULL, 1996),
(562, 48, 'I Drove All Night', '00:04:11', NULL, 2003),
(563, 48, 'A New Day Has Come', '00:04:21', NULL, 2002),
(564, 48, 'I''m Alive', '00:04:02', NULL, 2002),
(565, 48, 'Taking Chances', '00:04:02', NULL, 2007),
(566, 48, 'Loved Me Back to Life', '00:03:43', NULL, 2013),
(567, 49, 'Circle of Life', '00:04:52', NULL, 1994),
(568, 49, 'Hakuna Matata', '00:03:32', NULL, 1994),
(569, 49, 'Can You Feel the Love Tonight', '00:04:01', NULL, 1994);


INSERT INTO chanson (id_chanson, id_artiste_principal, titre, duree, id_album, annee) VALUES
(570, 50, 'Libérée, délivrée', '00:03:44', NULL, 2013),
(571, 57, 'Bohemian Rhapsody', '00:05:55', NULL, 1975),
(572, 57, 'We Will Rock You', '00:02:02', NULL, 1977),
(573, 57, 'We Are the Champions', '00:03:00', NULL, 1977),
(574, 57, 'Another One Bites the Dust', '00:03:35', NULL, 1980),
(575, 57, 'Somebody to Love', '00:04:56', NULL, 1976),
(576, 58, 'No Woman, No Cry', '00:07:07', NULL, 1974),
(577, 58, 'One Love', '00:02:45', NULL, 1977),
(578, 58, 'Three Little Birds', '00:03:00', NULL, 1977),
(579, 58, 'Redemption Song', '00:03:49', NULL, 1980),
(580, 58, 'Buffalo Soldier', '00:04:16', NULL, 1983),
(581, 58, 'I Shot the Sheriff', '00:04:26', NULL, 1973),
(582, 58, 'Jamming', '00:03:31', NULL, 1977),
(583, 59, 'Rivers of Babylon', '00:04:16', NULL, 1978),
(584, 59, 'Daddy Cool', '00:03:26', NULL, 1976),
(585, 59, 'Ma Baker', '00:04:36', NULL, 1977),
(586, 59, 'Sunny', '00:03:13', NULL, 1976),
(587, 59, 'Rasputin', '00:05:51', NULL, 1978),
(588, 59, 'Brown Girl in the Ring', '00:04:01', NULL, 1978),
(589, 59, 'Hooray! Hooray! It''s a Holi-Holiday', '00:03:55', NULL, 1979),
(590, 59, 'Gotta Go Home', '00:03:45', NULL, 1979),
(591, 59, 'Belfast', '00:03:25', NULL, 1977),
(592, 59, 'Painter Man', '00:03:12', NULL, 1978),
(593, 59, 'Nightflight to Venus', '00:04:05', NULL, 1978),
(594, 59, 'Mary''s Boy Child – Oh My Lord', '00:05:45', NULL, 1978),
(595, 60, 'Alexandrie Alexandra', '00:04:05', NULL, 1977),
(596, 60, 'Comme d''habitude', '00:03:20', NULL, 1967),
(597, 60, 'Le lundi au soleil', '00:03:02', NULL, 1972),
(598, 60, 'Magnolias for Ever', '00:04:10', NULL, 1977),
(599, 60, 'Cette année-là', '00:03:50', NULL, 1976),
(600, 60, 'Belles ! Belles ! Belles !', '00:03:03', NULL, 1962),
(601, 60, 'Je vais à Rio', '00:03:37', NULL, 1977),
(602, 60, 'Le téléphone pleure', '00:05:02', NULL, 1974),
(603, 60, 'Chanson populaire', '00:03:15', NULL, 1972);


INSERT INTO chanson (id_chanson, id_artiste_principal, titre, duree, id_album, annee) VALUES
(604, 61, 'L''Aziza', '00:03:44', NULL, 1985),
(605, 61, 'Mon fils, ma bataille', '00:04:02', NULL, 1980),
(606, 61, 'Je ne suis pas un héros', '00:04:12', NULL, 1980),
(607, 61, 'Tous les cris les SOS', '00:05:20', NULL, 1985),
(608, 61, 'Sauver l''amour', '00:03:57', NULL, 1985),
(609, 61, 'Vivre ou survivre', '00:04:21', NULL, 1982),
(610, 62, 'Bambino', '00:03:00', NULL, 1956),
(611, 62, 'Gigi l''Amoroso', '00:04:30', NULL, 1974),
(612, 62, 'Paroles, paroles', '00:03:22', NULL, 1973),
(613, 62, 'Laissez-moi danser', '00:03:25', NULL, 1979),
(614, 62, 'Il venait d''avoir 18 ans', '00:03:50', NULL, 1973),
(615, 63, 'Back in Black', '00:04:15', NULL, 1980),
(616, 63, 'Highway to Hell', '00:03:28', NULL, 1979),
(617, 63, 'Thunderstruck', '00:04:52', NULL, 1990),
(618, 63, 'You Shook Me All Night Long', '00:03:30', NULL, 1980),
(619, 64, 'Tata Yoyo', '00:03:10', NULL, 1980),
(620, 64, 'Chaud cacao', '00:03:22', NULL, 1981),
(621, 65, 'Le Freak', '00:05:23', NULL, 1978),
(622, 65, 'Good Times', '00:08:13', NULL, 1979),
(623, 66, 'Allô allô Monsieur l''ordinateur', '00:03:25', NULL, 1985),
(624, 66, 'Tremblement de terre', '00:03:50', NULL, 1989),
(625, 66, 'Hou! La menteuse', '00:03:32', NULL, 1988),
(626, 66, 'Les neiges de l''Himalaya', '00:04:05', NULL, 1990),
(627, 66, 'La Valise', '00:03:12', NULL, 1986),
(628, 67, 'Poupée de cire, poupée de son', '00:02:30', NULL, 1965),
(629, 67, 'Résiste', '00:04:05', NULL, 1981),
(630, 67, 'Ella, elle l''a', '00:04:50', NULL, 1987),
(631, 67, 'Il jouait du piano debout', '00:03:30', NULL, 1980),
(632, 67, 'Si maman si', '00:03:35', NULL, 1977),
(633, 67, 'Débranche', '00:04:10', NULL, 1984),
(634, 67, 'Musique', '00:03:35', NULL, 1977),
(635, 67, 'Babacar', '00:04:40', NULL, 1987);


INSERT INTO chanson (id_chanson, id_artiste_principal, titre, duree, id_album, annee) VALUES
(636, 68, 'I Love Rock ''n'' Roll', '00:02:55', NULL, 1981),
(637, 69, 'Que je t''aime', '00:03:22', NULL, 1969),
(638, 69, 'Allumer le feu', '00:04:30', NULL, 1998),
(639, 69, 'Je te promets', '00:04:40', NULL, 1986),
(640, 69, 'L''envie', '00:04:20', NULL, 1986),
(641, 69, 'Marie', '00:03:55', NULL, 2002),
(642, 69, 'Quelque chose de Tennessee', '00:04:10', NULL, 1985),
(643, 69, 'Gabrielle', '00:03:45', NULL, 1976),
(644, 69, 'Requiem pour un fou', '00:04:30', NULL, 1976),
(645, 69, 'Ma gueule', '00:03:55', NULL, 1979),
(646, 69, 'Le pénitencier', '00:04:50', NULL, 1964),
(647, 70, 'Celebration', '00:04:58', NULL, 1980),
(648, 70, 'Get Down on It', '00:04:52', NULL, 1981),
(649, 70, 'Fresh', '00:04:21', NULL, 1984),
(650, 71, 'Banana Split', '00:03:40', NULL, 1979),
(651, 71, 'Amoureux solitaires', '00:03:50', NULL, 1980),
(652, 71, 'Les brunes comptent pas pour des prunes', '00:03:55', NULL, 1980),
(653, 71, 'Zip a doo wah', '00:03:30', NULL, 1981),
(654, 72, 'Les Corons', '00:04:15', NULL, 1982),
(655, 72, 'Elle est d''ailleurs', '00:03:45', NULL, 1980),
(656, 72, 'Marionnettiste', '00:03:50', NULL, 1975),
(657, 72, 'Vingt ans', '00:04:10', NULL, 1976),
(658, 72, 'Quand la mer se retire', '00:04:05', NULL, 1977),
(659, 72, 'Olivia', '00:03:35', NULL, 1981),
(660, 72, 'Les Filles du Nord', '00:04:20', NULL, 1982),
(661, 72, 'Je t''aimais, je t''aime, je t''aimerai', '00:04:45', NULL, 1990),
(662, 72, 'Un jardin sur la terre', '00:03:55', NULL, 1985),
(663, 72, 'Prends la mer', '00:03:50', NULL, 1982),
(664, 73, 'Le Zizi', '00:02:50', NULL, 1974),
(665, 73, 'La cage aux oiseaux', '00:03:20', NULL, 1966),
(666, 73, 'Lily', '00:03:50', NULL, 1967),
(667, 73, 'Les jolies colonies de vacances', '00:03:10', NULL, 1966),
(668, 73, 'Tonton Cristobal', '00:03:35', NULL, 1972),
(669, 73, 'La petite kurde', '00:03:50', NULL, 1970),
(670, 73, 'Le matou', '00:03:25', NULL, 1967),
(671, 73, 'Quand j''étais môme', '00:03:40', NULL, 1969),
(672, 73, 'Monsieur le maire', '00:03:55', NULL, 1975),
(673, 73, 'Les jolies colonies de vacances', '00:03:10', NULL, 1966),
(674, 73, 'Mon Beauf''', '00:03:30', NULL, 1978),
(675, 73, 'Lily, rêve de vagues', '00:03:45', NULL, 1970),
(676, 73, 'Le petit chien', '00:03:20', NULL, 1969),
(677, 73, 'La bête est revenue', '00:03:35', NULL, 1977),
(678, 73, 'Le franc-parler', '00:03:50', NULL, 1980),
(679, 74, 'La poupée qui fait non', '00:03:12', NULL, 1966),
(680, 74, 'Love Me, Please Love Me', '00:03:45', NULL, 1966),
(681, 74, 'Goodbye Marylou', '00:04:05', NULL, 1967),
(682, 74, 'Un amour de vacances', '00:03:50', NULL, 1968),
(683, 74, 'Je suis un homme', '00:04:00', NULL, 1970),
(684, 74, 'On ira tous au paradis', '00:03:55', NULL, 1972),
(685, 74, 'Lettre à France', '00:05:00', NULL, 1977),
(686, 74, 'Tout, tout pour ma chérie', '00:03:35', NULL, 1968),
(687, 74, 'La Poupée qui fait non (version 1970)', '00:03:10', NULL, 1970),
(688, 74, 'Dans la maison vide', '00:04:12', NULL, 1972),
(689, 74, 'Holiday', '00:03:55', NULL, 1974),
(690, 74, 'Polnareff chante Michel', '00:03:50', NULL, 1975);


INSERT INTO chanson (id_chanson, id_artiste_principal, titre, duree, id_album, annee) VALUES
(691, 75, 'Marcia Baïla', '00:04:35', NULL, 1984),
(692, 75, 'C''est comme ça', '00:03:50', NULL, 1986),
(693, 76, 'Bang Bang', '00:03:15', NULL, 1966),
(694, 76, 'Les gondoles à Venise', '00:03:20', NULL, 1967),
(695, 76, 'Spacer', '00:03:45', NULL, 1979),
(696, 76, 'Love Me Baby', '00:03:30', NULL, 1980),
(697, 77, 'Cendrillon', '00:03:50', NULL, 1982),
(698, 77, 'Antisocial', '00:03:50', NULL, 1980),
(699, 77, 'New York avec toi', '00:04:00', NULL, 1984),
(700, 77, 'Un autre monde', '00:04:05', NULL, 1984),
(701, 77, 'Ça (c''est vraiment toi)', '00:03:50', NULL, 1986),
(702, 78, 'Sensualité', '00:04:05', NULL, 1993),
(703, 78, 'Je t''attends', '00:03:50', NULL, 1996),
(704, 78, 'Rien que de l''eau', '00:03:55', NULL, 2001),
(705, 78, 'À tâtons', '00:04:10', NULL, 1995),
(706, 79, 'Fruit de la passion', '00:03:35', NULL, 1995),
(707, 79, 'Vas-y Francky c''est bon', '00:03:25', NULL, 1996),
(708, 79, 'Tu veux mon zizi', '00:03:20', NULL, 1994),
(709, 79, 'Le gouzou', '00:03:30', NULL, 1997),
(710, 79, 'Alice ça glisse', '00:03:40', NULL, 1998),
(711, 80, 'Je dis aime', '00:03:45', NULL, 1999),
(712, 80, 'Est-ce que tu aimes?', '00:03:50', NULL, 2000),
(713, 80, 'Qui de nous deux', '00:04:10', NULL, 2001),
(714, 80, 'Le roi des ombres', '00:03:55', NULL, 2003),
(715, 80, 'Taxi', '00:03:35', NULL, 2001),
(716, 80, 'La bonne étoile', '00:04:05', NULL, 2004),
(717, 81, 'J''t''emmène au vent', '00:03:40', NULL, 1997),
(718, 81, 'Ton invitation', '00:03:50', NULL, 1997),
(719, 81, 'La nuit je mens', '00:04:00', NULL, 2000),
(720, 82, 'Mambo No.5', '00:03:39', NULL, 1999),
(721, 83, 'Porcelain', '00:04:01', NULL, 2000),
(722, 83, 'South Side', '00:03:40', NULL, 1999),
(723, 83, 'Why Does My Heart Feel So Bad?', '00:03:22', NULL, 1999),
(724, 84, 'Californication', '00:05:21', NULL, 1999),
(725, 84, 'Under the Bridge', '00:04:24', NULL, 1992),
(726, 84, 'Give It Away', '00:04:43', NULL, 1991),
(727, 84, 'By the Way', '00:03:37', NULL, 2002),
(728, 85, 'Angels', '00:04:30', NULL, 1997),
(729, 85, 'Rock DJ', '00:04:15', NULL, 2000),
(730, 85, 'Feel', '00:04:20', NULL, 2002),
(731, 85, 'Let Me Entertain You', '00:04:32', NULL, 1998),
(732, 86, 'Kiss from a Rose', '00:04:48', NULL, 1994),
(733, 86, 'Crazy', '00:04:30', NULL, 1991),
(734, 86, 'Love''s Divine', '00:04:30', NULL, 2003),
(735, 87, 'I Will Always Love You', '00:04:31', NULL, 1992),
(736, 87, 'I Wanna Dance with Somebody', '00:04:52', NULL, 1987),
(737, 87, 'How Will I Know', '00:04:35', NULL, 1985),
(738, 88, 'Tomber la chemise', '00:04:05', NULL, 1998);


INSERT INTO chanson (id_chanson, id_artiste_principal, titre, duree, id_album, annee) VALUES
(739, 89, 'Can''t Get You Out of My Head', '00:03:51', NULL, 2001),
(740, 89, 'Spinning Around', '00:03:27', NULL, 2000),
(741, 89, 'Love at First Sight', '00:03:54', NULL, 2002),
(742, 89, 'In Your Eyes', '00:03:46', NULL, 2002),
(743, 89, 'Slow', '00:03:22', NULL, 2003),
(744, 89, 'All the Lovers', '00:04:06', NULL, 2010),
(745, 90, 'Firework', '00:03:47', NULL, 2010),
(746, 90, 'Roar', '00:03:43', NULL, 2013),
(747, 90, 'Teenage Dream', '00:03:47', NULL, 2010),
(748, 90, 'Dark Horse', '00:03:35', NULL, 2013),
(749, 90, 'Hot N Cold', '00:03:40', NULL, 2008),
(750, 90, 'California Gurls', '00:03:54', NULL, 2010),
(751, 90, 'Last Friday Night', '00:03:51', NULL, 2011),
(752, 90, 'E.T.', '00:03:53', NULL, 2011),
(753, 91, 'Moi… Lolita', '00:04:25', NULL, 2000),
(754, 91, 'J''en ai marre!', '00:03:28', NULL, 2003),
(755, 91, 'Gourmandises', '00:03:55', NULL, 2001),
(757, 92, 'Play Hard', '00:03:45', NULL, 2013),
(758, 92, 'Memories', '00:03:30', NULL, 2009),
(759, 92, 'When Love Takes Over', '00:03:46', NULL, 2009),
(760, 92, 'Sexy Bitch', '00:03:37', NULL, 2009),
(761, 92, 'Without You', '00:03:28', NULL, 2007),
(762, 92, 'Love Is Gone', '00:03:50', NULL, 2007),
(763, 92, 'Where Them Girls At', '00:03:44', NULL, 2011),
(764, 92, 'She Wolf', '00:03:44', NULL, 2009),
(765, 92, 'Turn Me On', '00:03:17', NULL, 2011),
(766, 92, 'Lovers on the Sun', '00:03:24', NULL, 2014),
(767, 92, 'Say My Name', '00:03:15', NULL, 2011),
(768, 92, 'Bang My Head', '00:03:42', NULL, 2015),
(769, 92, 'Love Don''t Let Me Go', '00:03:50', NULL, 2002),
(770, 92, 'Flashback', '00:03:48', NULL, 2005),
(771, 93, 'White Flag', '00:03:33', NULL, 2003),
(772, 93, 'Thank You', '00:03:39', NULL, 2000),
(773, 93, 'Here with Me', '00:03:58', NULL, 1999),
(774, 93, 'Life for Rent', '00:03:45', NULL, 2003),
(775, 94, 'Tu seras', '00:03:45', NULL, 2003),
(776, 94, 'Enchantée', '00:03:40', NULL, 2002),
(777, 94, 'T''en va pas', '00:03:35', NULL, 2004),
(778, 94, 'Où es-tu', '00:03:50', NULL, 2003),
(779, 95, 'Je danse', '00:03:45', NULL, 2002),
(780, 95, 'Donne-moi le temps', '00:03:50', NULL, 2001),
(781, 95, 'Au soleil', '00:03:40', NULL, 2002),
(782, 95, 'Ma révolution', '00:03:55', NULL, 2003),
(783, 95, 'Là où je pars', '00:03:50', NULL, 2002),
(784, 95, 'J''ai fait tout ça pour vous', '00:03:45', NULL, 2003),
(785, 95, 'C''est de l''or', '00:03:35', NULL, 2004),
(786, 95, 'Si je meurs ce soir', '00:03:50', NULL, 2004);


INSERT INTO chanson (id_chanson, id_artiste_principal, titre, duree, id_album, annee) VALUES
(787, 96, 'Club Foot', '00:03:50', NULL, 2004),
(788, 96, 'Fire', '00:03:45', NULL, 2009),
(789, 96, 'L.S.F.', '00:03:35', NULL, 2004),
(790, 97, 'Are You Gonna Go My Way', '00:03:32', NULL, 1993),
(791, 97, 'Fly Away', '00:03:43', NULL, 1998),
(792, 97, 'American Woman', '00:04:20', NULL, 1999),
(793, 98, 'In the End', '00:03:36', NULL, 2001),
(794, 98, 'Numb', '00:03:05', NULL, 2003),
(795, 98, 'Crawling', '00:03:29', NULL, 2001),
(796, 98, 'One Step Closer', '00:02:35', NULL, 2000),
(797, 98, 'Somewhere I Belong', '00:03:33', NULL, 2003),
(798, 98, 'What I''ve Done', '00:03:25', NULL, 2007),
(799, 99, 'Just Like a Pill', '00:03:57', NULL, 2002),
(800, 99, 'So What', '00:03:35', NULL, 2008),
(801, 99, 'Get the Party Started', '00:03:14', NULL, 2001),
(802, 99, 'Raise Your Glass', '00:03:23', NULL, 2010),
(803, 99, 'Try', '00:04:10', NULL, 2012),
(804, 100, 'Umbrella', '00:04:36', NULL, 2007),
(805, 100, 'Diamonds', '00:03:45', NULL, 2012),
(806, 100, 'Only Girl (In the World)', '00:03:56', NULL, 2010),
(807, 100, 'We Found Love', '00:03:35', NULL, 2011),
(808, 100, 'Rude Boy', '00:03:43', NULL, 2009),
(809, 100, 'Where Have You Been', '00:03:58', NULL, 2011),
(810, 101, 'Butterfly', '00:03:30', NULL, 2002),
(811, 101, 'Radio Song', '00:03:25', NULL, 2004),
(812, 101, 'Sexy Summer', '00:03:40', NULL, 2006),
(813, 101, 'Lola', '00:03:28', NULL, 2007),
(814, 101, 'Avalanche', '00:03:35', NULL, 2009);



INSERT INTO chanson (id_chanson, id_artiste_principal, titre, duree, id_album, annee) VALUES
(815, 102, 'Joe le taxi', '00:03:45', NULL, 1987),
(816, 102, 'Be My Baby', '00:03:55', NULL, 1992),
(817, 102, 'Divine idylle', '00:04:10', NULL, 2007),
(818, 103, 'In the Waiting Line', '00:04:00', NULL, 2001),
(820, 105, 'Quand il pète il troue son slip', '00:03:15', NULL, 2010),
(821, 106, 'Stach stach', '00:03:32', NULL, 2004),
(822, 107, 'Mignon Mignon', '00:03:15', NULL, 2009),
(823, 108, 'Le petit bonhomme en mousse', '00:03:12', NULL, 2000),
(824, 109, 'Wake Me Up', '00:04:09', NULL, 2013),
(825, 109, 'Levels', '00:03:19', NULL, 2011),
(826, 109, 'Hey Brother', '00:04:14', NULL, 2013),
(827, 109, 'Addicted to You', '00:03:32', NULL, 2013),
(828, 109, 'The Nights', '00:02:56', NULL, 2014),
(829, 109, 'Waiting for Love', '00:03:50', NULL, 2015),
(830, 109, 'Fade Into Darkness', '00:03:30', NULL, 2011),
(831, 109, 'I Could Be the One', '00:04:07', NULL, 2012),
(832, 110, 'Gangnam Style', '00:03:39', NULL, 2012),
(833, 111, 'French Cancan', '00:03:30', NULL, 2011),
(834, 111, 'La fille du Lido', '00:03:42', NULL, 2013),
(835, 111, 'Mister H', '00:03:35', NULL, 2012),
(836, 112, 'Summertime Sadness', '00:04:25', NULL, 2012),
(837, 112, 'Born to Die', '00:04:50', NULL, 2012),
(838, 112, 'Blue Jeans', '00:03:30', NULL, 2012),
(839, 112, 'Young and Beautiful', '00:03:57', NULL, 2013),
(840, 112, 'Video Games', '00:04:42', NULL, 2011),
(841, 112, 'West Coast', '00:04:14', NULL, 2014),
(842, 113, 'Party Rock Anthem', '00:04:23', NULL, 2011),
(843, 113, 'Sexy and I Know It', '00:03:19', NULL, 2011),
(844, 113, 'Champagne Showers', '00:03:42', NULL, 2011),
(845, 114, 'Sugar', '00:03:56', NULL, 2015),
(846, 114, 'Moves Like Jagger', '00:03:21', NULL, 2011),
(847, 114, 'She Will Be Loved', '00:04:17', NULL, 2004),
(848, 114, 'Payphone', '00:03:51', NULL, 2012),
(849, 114, 'Animals', '00:03:50', NULL, 2014),
(850, 114, 'One More Night', '00:03:39', NULL, 2012),
(851, 115, 'Super Bass', '00:03:20', NULL, 2010),
(852, 115, 'Starships', '00:03:30', NULL, 2012),
(853, 115, 'Va Va Voom', '00:03:18', NULL, 2012),
(854, 115, 'Anaconda', '00:04:20', NULL, 2014),
(855, 116, 'Reflections', '00:03:40', NULL, 2014),
(856, 116, 'Mothers', '00:03:35', NULL, 2015),
(857, 117, 'Come & Get It', '00:03:41', NULL, 2013),
(858, 117, 'Wolves', '00:03:17', NULL, 2017),
(859, 117, 'Love You Like a Love Song', '00:03:39', NULL, 2011),
(860, 117, 'Same Old Love', '00:03:49', NULL, 2015),
(861, 117, 'Single Soon', '00:03:30', NULL, 2023),
(862, 105, 'La dernière goutte', '00:03:15', NULL, 2023),
(863, 105, 'La crotte de nez',   '00:02:50', NULL, 2023),
(864, 105, 'La cartouche',       '00:04:05', NULL, 2023),
(865, 105, 'Zizicopter',         '00:03:40', NULL, 2023),
(866, 118, 'Popcorn salé',   '00:03:05', NULL, 2023),
(867, 118, 'Recommence-moi', '00:03:40', NULL, 2024),
(868, 118, 'La différence',   '00:04:00', NULL, 2025);


INSERT INTO playlist (id_playlist, nom, date_creation, description) VALUES
  (1, 'Les Ondes de Ludovic',     '2025-10-15', 'Sélection musicale éclectique de Ludovic.'),
  (2, 'Le Groove de Sylvain',     '2025-10-16', 'Mélange de titres énergiques choisis par Sylvain.'),
  (3, 'L''Univers de Clémentine',  '2025-10-17', 'Les coups de cœur musicaux de Clémentine.'),
  (4, 'Christophe en Voyage',  '2025-10-18', 'Une sélection personnelle de Christophe.'),
  (5, 'Explorations Sonores d''Olivier',      '2025-10-19', 'Les favoris d''Olivier, tous styles confondus.'),  
(6, 'Playlist Rock Énergie',  '2025-10-18', 'Une sélection de titres rock pour se motiver.'),
(7, 'Playlist Chill Soirée',  '2025-10-18', 'Ambiance détendue pour la fin de journée.'),
(8, 'Playlist Route',  '2025-10-18', 'Des morceaux parfaits pour un long trajet.'),
(9, 'Playlist Workout',  '2025-10-18', 'Musique dynamique pour accompagner ton entraînement.'),
(10, 'Playlist Découverte',  '2025-10-18', 'Un mélange éclectique pour découvrir de nouveaux sons.');

INSERT INTO playlist_chanson (id_playlist, id_chanson, ordre, date_ajout) VALUES
  (1, 12, 1, '2025-10-15'), (1, 45, 2, '2025-10-15'), (1, 78, 3, '2025-10-15'),
  (1, 134, 4, '2025-10-15'), (1, 152, 5, '2025-10-15'), (1, 210, 6, '2025-10-15'),
  (1, 226, 7, '2025-10-15'), (1, 305, 8, '2025-10-15'), (1, 319, 9, '2025-10-15'),
  (1, 347, 10, '2025-10-15'), (1, 388, 11, '2025-10-15'), (1, 402, 12, '2025-10-15'),
  (1, 450, 13, '2025-10-15'), (1, 511, 14, '2025-10-15'), (1, 523, 15, '2025-10-15'),
  (1, 540, 16, '2025-10-15'), (1, 601, 17, '2025-10-15'), (1, 622, 18, '2025-10-15'),
  (1, 657, 19, '2025-10-15'), (1, 670, 20, '2025-10-15'), (1, 700, 21, '2025-10-15'),
  (1, 745, 22, '2025-10-15'), (1, 790, 23, '2025-10-15'), (1, 802, 24, '2025-10-15'),
  (1, 846, 25, '2025-10-15');

INSERT INTO playlist_chanson (id_playlist, id_chanson, ordre, date_ajout) VALUES
  (2, 18, 1, '2025-10-16'), (2, 64, 2, '2025-10-16'), (2, 97, 3, '2025-10-16'),
  (2, 111, 4, '2025-10-16'), (2, 156, 5, '2025-10-16'), (2, 202, 6, '2025-10-16'),
  (2, 289, 7, '2025-10-16'), (2, 314, 8, '2025-10-16'), (2, 355, 9, '2025-10-16'),
  (2, 377, 10, '2025-10-16'), (2, 389, 11, '2025-10-16'), (2, 433, 12, '2025-10-16'),
  (2, 489, 13, '2025-10-16'), (2, 530, 14, '2025-10-16'), (2, 577, 15, '2025-10-16'),
  (2, 602, 16, '2025-10-16'), (2, 655, 17, '2025-10-16'), (2, 711, 18, '2025-10-16'),
  (2, 742, 19, '2025-10-16'), (2, 790, 20, '2025-10-16'), (2, 815, 21, '2025-10-16'),
  (2, 849, 22, '2025-10-16');

INSERT INTO playlist_chanson (id_playlist, id_chanson, ordre, date_ajout) VALUES
  (3, 3, 1, '2025-10-17'), (3, 673, 2, '2025-10-17'), (3, 67, 3, '2025-10-17'),
  (3, 80, 4, '2025-10-17'), (3, 95, 5, '2025-10-17'), (3, 117, 6, '2025-10-17'),
  (3, 131, 7, '2025-10-17'), (3, 166, 8, '2025-10-17'), (3, 190, 9, '2025-10-17'),
  (3, 245, 10, '2025-10-17'), (3, 288, 11, '2025-10-17'), (3, 322, 12, '2025-10-17'),
  (3, 355, 13, '2025-10-17'), (3, 391, 14, '2025-10-17'), (3, 417, 15, '2025-10-17'),
  (3, 460, 16, '2025-10-17'), (3, 472, 17, '2025-10-17'), (3, 519, 18, '2025-10-17'),
  (3, 564, 19, '2025-10-17'), (3, 600, 20, '2025-10-17'), (3, 622, 21, '2025-10-17'),
  (3, 677, 22, '2025-10-17'), (3, 689, 23, '2025-10-17'), (3, 701, 24, '2025-10-17'),
  (3, 734, 25, '2025-10-17'), (3, 751, 26, '2025-10-17'), (3, 809, 27, '2025-10-17'),
  (3, 844, 28, '2025-10-17'), (3, 202, 28, '2025-10-17');

INSERT INTO playlist_chanson (id_playlist, id_chanson, ordre, date_ajout) VALUES
  (4, 14, 1, '2025-10-18'), (4, 32, 2, '2025-10-18'), (4, 75, 3, '2025-10-18'),
  (4, 120, 4, '2025-10-18'), (4, 167, 5, '2025-10-18'), (4, 204, 6, '2025-10-18'),
  (4, 230, 7, '2025-10-18'), (4, 276, 8, '2025-10-18'), (4, 312, 9, '2025-10-18'),
  (4, 346, 10, '2025-10-18'), (4, 410, 11, '2025-10-18'), (4, 455, 12, '2025-10-18'),
  (4, 499, 13, '2025-10-18'), (4, 525, 14, '2025-10-18'), (4, 563, 15, '2025-10-18'),
  (4, 615, 16, '2025-10-18'), (4, 661, 17, '2025-10-18'), (4, 688, 18, '2025-10-18'),
  (4, 725, 19, '2025-10-18'), (4, 751, 20, '2025-10-18'), (4, 809, 21, '2025-10-18');

INSERT INTO playlist_chanson (id_playlist, id_chanson, ordre, date_ajout) VALUES
  (5, 8, 1, '2025-10-19'), (5, 823, 2, '2025-10-19'), (5, 66, 3, '2025-10-19'),
  (5, 570, 4, '2025-10-19'), (5, 123, 5, '2025-10-19'), (5, 157, 6, '2025-10-19'),
  (5, 176, 7, '2025-10-19'), (5, 188, 8, '2025-10-19'), (5, 213, 9, '2025-10-19'),
  (5, 249, 10, '2025-10-19'), (5, 278, 11, '2025-10-19'), (5, 301, 12, '2025-10-19'),
  (5, 330, 13, '2025-10-19'), (5, 354, 14, '2025-10-19'), (5, 382, 15, '2025-10-19'),
  (5, 420, 16, '2025-10-19'), (5, 459, 17, '2025-10-19'), (5, 487, 18, '2025-10-19'),
  (5, 506, 19, '2025-10-19'), (5, 555, 20, '2025-10-19'), (5, 584, 21, '2025-10-19'),
  (5, 612, 22, '2025-10-19'), (5, 645, 23, '2025-10-19'), (5, 699, 24, '2025-10-19'),
  (5, 733, 25, '2025-10-19'), (5, 750, 26, '2025-10-19'), (5, 782, 27, '2025-10-19'),
  (5, 799, 28, '2025-10-19'), (5, 827, 29, '2025-10-19'), (5, 853, 30, '2025-10-19');

INSERT INTO playlist_chanson (id_playlist, id_chanson, ordre)
VALUES
(6, 45, 1),
(6, 102, 2),
(6, 389, 3),
(6, 210, 4),
(6, 823, 5),
(6, 618, 6),
(6, 799, 7),
(6, 342, 8),
(6, 654, 9),
(6, 667, 10),
(6, 271, 11),
(6, 745, 12),
(6, 59, 13),
(6, 580, 14),
(6, 808, 15),
(6, 392, 16),
(6, 233, 17),
(6, 700, 18);

INSERT INTO playlist_chanson (id_playlist, id_chanson, ordre)
VALUES
(7, 22, 1),
(7, 431, 2),
(7, 76, 3),
(7, 190, 4),
(7, 812, 5),
(7, 34, 6),
(7, 567, 7),
(7, 750, 8),
(7, 138, 9),
(7, 260, 10),
(7, 602, 11),
(7, 715, 12),
(7, 489, 13),
(7, 301, 14),
(7, 501, 15),
(7, 800, 16),
(7, 215, 17),
(7, 605, 18),
(7, 111, 19);

INSERT INTO playlist_chanson (id_playlist, id_chanson, ordre)
VALUES
(8, 89, 1),
(8, 540, 2),
(8, 673, 3),
(8, 311, 4),
(8, 254, 5),
(8, 780, 6),
(8, 612, 7),
(8, 720, 8),
(8, 822, 9),
(8, 410, 10),
(8, 324, 11),
(8, 127, 12),
(8, 660, 13),
(8, 415, 14),
(8, 781, 15),
(8, 208, 16),
(8, 340, 17),
(8, 570, 18),
(8, 564, 19),
(8, 859, 20);

INSERT INTO playlist_chanson (id_playlist, id_chanson, ordre)
VALUES
(9, 9, 1),
(9, 201, 2),
(9, 317, 3),
(9, 405, 4),
(9, 612, 5),
(9, 723, 6),
(9, 134, 7),
(9, 220, 8),
(9, 431, 9),
(9, 765, 10),
(9, 840, 11),
(9, 99, 12),
(9, 318, 13),
(9, 257, 14),
(9, 695, 15),
(9, 510, 16),
(9, 861, 17),
(9, 430, 18);

INSERT INTO playlist_chanson (id_playlist, id_chanson, ordre)
VALUES
(10, 570, 1),
(10, 144, 2),
(10, 388, 3),
(10, 255, 4),
(10, 479, 5),
(10, 611, 6),
(10, 721, 7),
(10, 320, 8),
(10, 822, 9),
(10, 77, 10),
(10, 184, 11),
(10, 299, 12),
(10, 370, 13),
(10, 415, 14),
(10, 580, 15),
(10, 801, 16),
(10, 844, 17),
(10, 55, 18),
(10, 733, 19);


-- Mettre à jour des séquences
SELECT setval(pg_get_serial_sequence('artiste', 'id_artiste'), COALESCE(MAX(id_artiste), 1)) 
FROM artiste;

SELECT setval(pg_get_serial_sequence('album', 'id_album'), COALESCE(MAX(id_album), 1)) 
FROM album;

SELECT setval(pg_get_serial_sequence('chanson', 'id_chanson'), COALESCE(MAX(id_chanson), 1)) 
FROM chanson;

SELECT setval(pg_get_serial_sequence('playlist', 'id_playlist'), COALESCE(MAX(id_playlist), 1)) 
FROM playlist;